Z1[L],C1[M L^-3],Z2[L],C2[M L^-3],Z3[L],C3[M L^-3],Z4[L],C4[M L^-3],Z5[L],C5[M L^-3]
40.057,5791.407,40.068,5543.184,40.126,6148.838,40.038,2077.422,40.081,4058.685
40.127,6269.887,40.118,5609.481,40.325,6108.238,40.08,4374.539,40.155,4552.038
40.188,6252.214,40.2,5784.035,40.446,6093.388,40.106,4631.344,40.221,4712.152
40.292,6853.611,40.273,5795.86,40.626,6098.617,40.121,4740.423,40.308,4807.37
40.367,7059.229,40.353,5856.101,40.747,6103.232,40.147,4917.229,40.481,4918.242
40.482,7172.165,40.505,6117.707,40.846,6055.246,40.164,4900.7,40.655,5013.086
40.576,7297.224,40.593,6268.183,40.963,6006.464,40.235,5010.788,40.76,5038.258
40.698,7357.768,40.665,6290.605,41.058,6003.303,40.313,5233.076,40.87,5051.563
40.833,7385.317,40.744,6313.82,41.187,6014.248,40.407,5259.203,41.042,5024.767
40.937,7374.17,40.837,6370.146,41.304,6032.612,40.487,5375.431,41.339,4973.599
41.045,7419.687,40.997,6349.801,41.366,6006.054,40.509,5421.816,41.603,4956.27
41.156,7431.129,41.163,6383.858,41.38,6008.365,40.54,5429.378,41.776,4906.684
41.249,7412.769,41.247,6356.662,41.421,5993.676,40.633,5414.474,42.096,4879.101
41.4,7374,41.347,6292.636,41.519,5879.267,40.727,5486.042,42.236,4792.081
41.57,7335.333,41.499,6248.39,41.631,5875.874,40.848,5528.22,42.401,4772.218
41.612,7329.738,41.608,6209.159,41.703,5802.023,40.951,5526.08,42.644,4739.69
41.668,7334.503,41.646,6195.453,41.775,5751.504,41.026,5527.138,42.794,4694.13
41.724,7320.547,41.766,6131.603,41.886,5789.854,41.135,5532.513,43.007,4614.815
41.801,7292.953,41.906,6095.501,41.989,5785.088,41.209,5531.563,43.168,4576.821
41.869,7285.319,42.001,6031.554,42.08,5756.715,41.267,5534.149,43.337,4555.637
41.908,7256.391,42.114,6026.601,42.138,5766.944,41.251,5531.005,43.6,4454.892
42.004,7235.074,42.254,6029.449,42.26,5737.584,41.262,5532.99,43.751,4452.605
42.1,7191.552,42.378,6003.277,42.341,5707.968,41.368,5520.216,43.936,4347.748
42.182,7162.677,42.494,5863.653,42.466,5686.46,41.415,5469.949,44.126,4210.319
42.257,7126.562,42.59,5855.836,42.545,5619.303,41.471,5437.939,44.39,4161.084
42.302,7093.252,42.676,5846.403,42.726,5426.411,41.519,5405.729,44.585,4255.54
42.385,7078.964,42.803,5766.97,42.802,5397.027,41.529,5402.896,44.726,4163.578
42.516,6928.85,42.927,5723.793,42.851,5381.745,41.542,5410.866,44.842,3991.681
42.538,6885.012,43.039,5526.792,42.965,5375.65,41.613,5403.767,45.034,3915.614
42.573,6908.011,43.114,5506.693,43.1,5337.922,41.701,5381.871,45.167,3851.252
42.754,6723.121,43.185,5462.386,43.257,5097.439,41.722,5382.287,45.323,3809.937
42.861,6669.246,43.269,5438.698,43.29,5111.452,41.833,5362.875,45.528,3748.644
42.935,6655.053,43.534,5398.97,43.305,5106.905,41.956,5336.073,45.694,3633.618
43.068,6574.86,43.584,5344.971,43.471,5076.086,42.181,5308.941,45.79,3556.467
43.113,6551.138,43.72,5226.065,43.555,4983.905,42.209,5303.607,45.921,3481.237
43.182,6564.362,43.829,5220.617,43.556,4982.311,42.224,5304.61,46.045,3568.784
43.233,6578.292,43.933,5213.339,43.62,4993.027,42.24,5304.149,46.345,3187.486
43.338,6444.883,44.056,5085.258,43.67,4974.415,42.251,5305.401,46.576,3136.68
43.405,6356.239,44.114,5090.866,43.814,4930.9,42.361,5285.189,46.78,3158.343
43.503,6322.896,44.271,5106.558,43.972,4801.356,42.448,5260.367,47.008,3163.603
43.559,6250.145,44.42,5068.42,44.132,4569.164,42.544,5273.392,47.294,3060.972
43.569,6265.921,44.454,4926.265,44.281,4416.281,42.732,5080.074,47.395,3026.859
43.59,6275.869,44.535,4935.714,44.35,4285.227,42.822,5044.445,47.585,3013.136
43.638,6237.852,44.703,4786.749,44.541,4217.691,42.842,5038.053,47.857,2891.704
43.642,6243.268,44.871,4614.478,44.684,4205.422,42.855,5042.228,48.025,2879.43
43.677,6219.684,44.997,4461.984,44.795,4205.646,42.943,5051.737,48.276,2894.132
43.7,6122.223,45.089,4380.842,44.931,4037.835,43.087,5077.829,48.552,2599.942
43.767,6118.975,45.232,4337.749,45.025,4011.845,43.231,4831.048,48.722,2579.908
43.908,5904.395,45.326,4310.913,45.223,3831.846,43.301,4823.938,48.994,2557.491
44.203,5890.495,45.361,4298.689,45.358,3824.461,43.489,4777.741,49.261,2555.098
44.674,5463.845,45.573,4063.642,45.432,3809.136,43.532,4764.51,49.388,2574.168
45.09,5107.868,45.751,3862.574,45.579,3790.094,43.58,4758.387,49.445,2575.597
45.232,4941.351,45.978,3856.99,45.684,3710.98,43.724,4762.954,49.486,2576.311
45.416,4880.357,46.113,3710.879,45.702,3693.525,43.832,4757.54,49.636,2584.384
45.948,4442.479,46.163,3600.373,45.768,3644.126,43.939,4740.924,49.76,2589.737
46.214,4129.886,46.325,3489.469,45.785,3665.243,44.088,4665.707,49.953,2597.009
46.452,3976.543,46.349,3391.063,45.908,3608.52,44.192,4557.947,50.097,2593.344
46.62,3906.492,46.356,3593.094,46.115,3461.39,44.215,4560.984,50.249,2595.278
46.9,3770.823,46.509,3470.553,46.369,3398.031,44.299,4526.8,50.362,2596.494
47.126,3828.062,46.6,3530.826,46.373,3392.631,44.425,4446.515,50.509,2596.468
47.38,3809.879,46.708,3572.722,46.47,3394.251,44.501,4408.253,50.62,2594.553
47.606,3489.967,46.797,3559.2,46.552,3396.361,44.522,4343.151,50.722,2594.141
47.837,3311.922,46.922,3502.515,46.576,3396.812,44.512,4315.975,50.962,2587.253
48.099,3345.548,47.014,3481.297,46.695,3301.085,44.577,4366.451,51.175,2580.596
48.311,2989.529,47.111,3477.123,46.81,3332.517,44.598,4288.587,51.317,2574.225
48.531,2823.616,47.298,3409.946,46.882,3247.449,44.777,4274.552,51.581,2564.922
48.697,2817.745,47.375,3394.635,47.079,3176.108,44.866,4234.291,51.788,2561.716
48.855,2826.168,47.485,3335.77,47.16,3167.494,44.916,4235.434,51.945,2563.472
49.056,2833.928,47.61,3255.287,47.346,3010.56,45.355,3764.185,52.088,2564.584
49.267,2843.516,47.723,3206.15,47.438,2988.123,45.712,3554.954,52.264,2568.871
49.318,2841.142,47.805,3142.593,47.466,2995.79,46.075,3529.308,52.43,2572.246
49.452,2845.59,47.862,3121.249,47.504,2986.299,46.435,3307.083,52.572,2576.104
49.653,2854.213,48.066,2990.789,47.614,2996.485,46.68,3286.023,52.776,2578.511
49.845,2855.373,48.2,2940.299,47.708,3001.688,47.057,3205.795,52.997,2585.88
50.129,2858.65,48.429,2845.135,47.792,2938.744,47.32,3201.301,53.289,2597.734
50.243,2859.876,48.498,2811.973,47.911,2888.211,47.602,3027.114,53.59,2606.501
50.149,2860.638,48.625,2762.969,48.032,2753.398,47.805,2926.031,53.81,2617.346
50.184,2865.203,48.721,2740.422,48.162,2689.392,48.042,2890.801,54.117,2622.021
50.301,2862.865,48.797,2735.706,48.276,2658.5,48.34,2804.716,54.424,2623.867
50.522,2879.108,48.935,2746.415,48.381,2667.595,48.386,2752.465,54.834,2624.597
50.764,2931.419,48.988,2747.646,48.468,2680.12,48.557,2689.751,55.179,2624.54
50.986,2954.514,49.145,2745.724,48.525,2685.6,48.71,2628.58,55.236,2623.784
51.252,2970.639,49.267,2741.542,48.557,2686.934,48.877,2617.843,55.323,2624.439
51.464,2971.596,49.422,2741.287,48.709,2692.825,49.078,2628.136,55.536,2623.422
51.733,2976.252,49.525,2742.702,48.842,2696.19,49.301,2601.839,55.647,2623.172
51.886,2979.591,49.613,2745.067,48.932,2699.761,49.538,2605.339,55.732,2622.464
52.159,3027.958,49.671,2744.751,49.079,2691.791,49.662,2605.519,55.849,2622.35
52.407,3113.165,49.769,2746.632,49.118,2676.335,49.784,2607.64,55.856,2622.095
52.651,3123.36,49.892,2745.021,49.218,2673.698,49.941,2605.517,55.871,2622.619
52.891,3128.411,49.989,2745.489,49.331,2669.964,50.083,2609.147,56.083,2622.618
53.16,3133.618,50.119,2745.074,49.371,2667.643,50.221,2616.167,56.255,2621.476
53.355,3139.467,50.211,2743.833,49.435,2667.438,50.407,2617.756,56.421,2621.493
53.563,3156.308,50.288,2741.969,49.526,2666.4,50.618,2617.529,56.588,2621.192
53.735,3180.813,50.401,2742.503,49.672,2667.705,50.811,2617.645,56.721,2621.071
53.908,3210.746,50.513,2751.61,49.798,2666.924,50.992,2617.307,56.954,2620.904
53.806,3186.352,50.599,2763.093,49.865,2667.62,51.162,2617.478,57.17,2620.977
53.994,3235.14,50.755,2763.438,49.962,2666.534,51.285,2619.627,57.318,2622.004
54.07,3246.675,50.87,2765.128,50.082,2666.925,51.487,2617.606,57.47,2622.34
54.25,3315.319,50.997,2766.545,50.164,2664.567,51.634,2618.121,57.487,2621.844
54.434,3344.647,51.078,2767.272,50.18,2663.995,51.796,2623.782,57.604,2621.108
54.636,3369.637,51.165,2768.189,50.265,2661.385,52.035,2632.757,57.82,2619.434
54.738,3380.104,51.293,2770.118,50.383,2659.05,52.218,2635.127,58.021,2622.067
54.84,3391.984,51.436,2770.637,50.464,2658.883,52.529,2635.696,58.124,2621.333
55.058,3443.234,51.583,2770.245,50.476,2658.479,52.789,2633.887,58.234,2621.262
55.267,3483.371,51.719,2770.376,50.491,2657.693,52.941,2633.508,58.344,2621.28
55.47,3530.26,51.785,2770.021,50.528,2658.429,53.175,2633.563,58.502,2622.649
55.629,3568.064,51.897,2770.917,50.742,2661.459,53.421,2633.307,58.705,2622.8
55.847,3682.805,51.99,2770.208,50.926,2663.566,53.67,2625.503,58.955,2623.285
56.126,3810.713,52.096,2773.316,50.948,2664.082,53.943,2630.316,59.243,2617.799
56.227,3846.842,52.15,2781.191,50.955,2663.841,54.182,2626.89,59.436,2617.43
56.236,3850.344,52.344,2786.132,50.901,2667.436,54.315,2627.448,59.535,2617.538
56.267,3880.959,52.454,2795.77,50.96,2667.671,54.519,2628.562,59.752,2617.75
56.384,3950.764,52.622,2796.274,51.022,2665.458,54.806,2629.317,59.98,2625.461
56.59,3974.732,52.827,2800.213,51.109,2662.915,55.05,2629.406,60.08,2625.807
56.832,4127.306,52.966,2804.351,51.207,2664.867,55.259,2638.021,60.269,2624.493
57.052,4344.875,53.012,2803.975,51.3,2664.291,55.485,2640.709,60.429,2624.53
57.237,4370.846,53.105,2800.953,51.352,2667.705,55.609,2640.267,60.566,2627.044
57.434,4603.481,53.186,2802.972,51.435,2678.049,55.835,2643.565,60.66,2627.669
57.667,4782.408,53.245,2801.886,51.474,2678.031,56.011,2648.252,60.842,2629.466
57.84,4814.429,53.374,2805.348,51.493,2677.192,56.222,2648.307,60.91,2630.773
57.873,4839.38,53.519,2806.098,51.625,2681.99,56.396,2653.724,61.107,2633.578
57.907,4917.492,53.66,2811.192,51.757,2684.324,56.64,2652.492,61.273,2634.81
58.001,4943.43,53.711,2810.058,51.897,2683.958,56.788,2654.647,61.458,2629.158
58.181,4956.01,53.857,2810.702,52.011,2686.7,57.032,2659.397,61.585,2631.602
58.45,5026.843,53.98,2812.252,52.043,2687.225,57.165,2660.175,61.738,2640.349
58.72,5039.509,54.089,2811.971,52.094,2686.764,57.379,2663.11,61.94,2641.054
59.012,5084.622,54.235,2816.776,52.131,2687.865,57.556,2669.234,62.123,2643.763
59.263,5081.498,54.299,2818.101,52.229,2690.148,57.712,2671.543,62.262,2640.928
59.543,5104.281,54.421,2818.893,52.293,2689.406,57.931,2669.99,62.386,2640.537
59.83,5106.683,54.557,2817.548,52.311,2688.956,58.083,2667.1,62.539,2636.629
60.138,5105.48,54.657,2816.826,52.352,2689.695,58.332,2672.592,62.665,2641.853
60.371,5110.449,54.765,2818.841,52.525,2686.407,58.439,2674.959,62.729,2642.916
60.591,5112.436,54.902,2817.792,52.663,2688.821,58.662,2679.607,62.865,2643.663
60.602,5111.847,55.006,2821.425,52.765,2689.547,58.754,2680.12,62.981,2644.755
60.628,5111.958,55.065,2823.188,52.805,2701.244,58.989,2676.631,63.131,2644.461
60.655,5111.501,55.147,2821.007,52.881,2701.99,59.143,2680.222,63.248,2645.329
60.704,5112.697,55.219,2823.156,53.017,2703.58,59.443,2677.309,63.435,2641.099
60.898,5115.173,55.303,2824.783,53.14,2708.363,59.696,2676.159,63.554,2640.488
61.195,5114.284,55.36,2827.16,53.248,2707.834,59.885,2674.183,63.613,2642.297
61.478,5112.267,55.429,2825.134,53.321,2707.026,60.179,2678.945,63.711,2639.854
61.567,5113.039,55.498,2829.836,53.418,2711.567,60.305,2679.025,63.748,2640.214
61.583,5112.786,55.555,2830.61,53.507,2716.068,60.553,2682.159,63.816,2640.327
61.86,5112.239,55.62,2832.553,53.624,2715.36,60.729,2682.668,63.938,2641.199
62.14,5111.385,55.666,2833.043,53.725,2717.783,60.953,2682.188,64.05,2646.208
62.364,5112.543,55.73,2832.931,53.789,2714.699,61.148,2686.226,64.183,2648.257
62.647,5111.526,55.825,2833.231,53.9,2716.021,61.401,2681.253,64.311,2650.765
62.883,5112.802,55.88,2832.434,54.012,2716.011,61.572,2688.083,64.439,2654.442
63.101,5102.75,55.918,2833.706,54.143,2714.287,61.772,2687.49,64.603,2650.278
63.316,5065.112,55.98,2833.594,54.22,2716.909,61.922,2690.806,64.683,2651.112
63.523,5069.457,56.029,2834.554,54.211,2716.875,62.098,2693.414,64.799,2649.296
63.689,5068.438,56.076,2836.349,54.245,2716.68,62.332,2696.869,64.893,2650.588
63.854,5077.684,56.136,2835.99,54.287,2718.506,62.562,2693.118,64.99,2656.03
64.002,5076.933,56.207,2836.569,54.346,2718.308,62.824,2706.793,65.141,2654.598
64.149,5071.289,56.326,2837.719,54.513,2717.399,63.041,2709.519,65.208,2657.325
64.328,5064.661,56.372,2836.9,54.63,2718.183,63.261,2704.794,65.274,2656.376
64.482,5063.748,56.441,2837.842,54.727,2715.986,63.512,2701.129,65.345,2656.986
64.659,5067.778,56.519,2839.48,54.806,2717.617,63.616,2702.367,65.456,2654.963
64.736,5064.646,56.569,2839.448,54.88,2718.785,63.743,2700.558,65.549,2655.649
64.764,5064.921,56.604,2838.798,54.977,2719.743,63.934,2704.838,65.643,2660.47
64.68,5064.266,56.672,2839.431,55.083,2723.06,64.012,2709.879,65.675,2659.642
64.829,5063.391,56.77,2841.313,55.134,2723.323,64.252,2714.405,65.8,2659.646
65.07,5062.703,56.835,2839.958,55.162,2723.757,64.45,2715.466,65.859,2662.748
65.226,5029.137,56.873,2842.423,55.249,2723.38,64.697,2716.284,65.979,2662.589
65.453,5044.301,56.929,2841.415,55.347,2723.484,64.86,2713.015,66,2661.474
65.7,5040.858,57.048,2846.64,55.453,2722.082,64.98,2717.118,66.088,2664.983
65.969,5037.158,57.134,2842.74,55.524,2723.223,65.133,2716.015,66.425,2663.709
66.187,5017.58,57.18,2841.917,55.593,2723.857,65.355,2718.43,66.857,2669.998
66.376,5008.579,57.208,2843.198,55.686,2725.231,65.463,2716.574,67.121,2670.094
66.564,4986.849,57.26,2843.14,55.794,2724.059,65.728,2719.132,67.376,2672.426
66.777,4970.255,57.34,2841.979,55.846,2725.353,65.927,2718.583,67.599,2672.675
66.94,4975.666,57.405,2843.361,55.905,2725.041,66.12,2723.028,67.806,2677.524
67.138,4939.292,57.463,2844.664,55.949,2726.436,66.422,2726.118,68.048,2674.757
67.372,4936.173,57.532,2846.673,56.036,2726.207,66.533,2727.226,68.284,2677.263
67.427,4939.23,57.617,2844.931,56.127,2731.77,66.782,2729.561,68.495,2679.247
67.657,4936.267,57.669,2849.424,56.192,2731.117,67.026,2725.074,68.698,2678.329
67.874,4924.705,57.729,2846.812,56.251,2732.574,67.262,2726.734,68.935,2687.228
68.102,4920.93,57.824,2850.793,56.332,2734.644,67.482,2728.847,69.071,2688.046
68.259,4918.517,57.891,2849.638,56.431,2728.184,67.67,2734.51,69.321,2688.108
68.469,4901.058,57.947,2847.221,56.526,2727.588,67.865,2735.169,69.529,2691.484
68.64,4895.988,58.006,2847.269,56.619,2727.105,68.103,2735.418,69.744,2696.863
68.854,4884.419,58.072,2850.399,56.709,2725.598,68.323,2734.422,69.908,2693.789
69.067,4897.087,58.133,2850.64,56.788,2730.844,68.543,2739.728,70.081,2694.275
69.287,4871.524,58.225,2844.704,56.843,2730.605,68.706,2741.773,70.291,2695.625
69.482,4860.269,58.301,2844.883,56.921,2730.809,68.924,2743.167,70.445,2697.198
69.666,4842.151,58.388,2847.494,57.017,2732.127,69.147,2740.465,70.614,2697.144
69.891,4830.305,58.5,2849.909,57.094,2731.355,69.318,2745.166,70.762,2697.605
70.021,4828.802,58.554,2849.481,57.121,2730.311,69.507,2752.992,70.91,2698.458
70.099,4824.039,58.634,2854.996,57.161,2730.475,69.65,2751.282,71.099,2705.58
70.253,4812.109,58.687,2857.719,57.174,2729.567,69.9,2757.332,71.191,2706.322
70.347,4815.027,58.769,2858.964,57.278,2732.322,70.117,2761.045,71.31,2706.742
70.548,4806.371,58.83,2861.933,57.386,2731.138,70.261,2761.304,71.463,2707.649
70.698,4808.924,58.883,2864.316,57.484,2731.42,70.421,2764.036,71.588,2705.176
70.857,4807.071,59.001,2857.951,57.64,2735.554,70.591,2766.331,71.711,2701.958
70.968,4797.946,59.108,2859.424,57.702,2735.906,70.741,2768.395,71.883,2713.135
71.09,4791.684,59.21,2859.635,57.748,2736.153,70.936,2777.012,72.113,2710.704
71.105,4791.66,59.294,2864.599,57.795,2735.008,71.06,2779.666,72.298,2712.305
71.119,4791.3,59.379,2866.038,57.854,2732.05,71.21,2782.972,72.479,2718.608
71.124,4792.957,59.444,2866.461,57.869,2733.515,71.415,2787.61,72.58,2717.039
71.295,4784.929,59.552,2870.331,57.967,2735.835,71.635,2789.777,72.693,2718.576
71.501,4782.11,59.65,2869.139,58.076,2733.844,71.762,2790.971,72.836,2719.36
71.69,4778.546,59.735,2868.553,58.191,2735.873,71.976,2797.7,72.97,2717.821
71.909,4774.501,59.825,2872.786,58.325,2740.184,72.119,2797.421,73.214,2721.556
72.054,4769.535,59.913,2876.455,58.396,2740.969,72.289,2796.223,73.365,2726.36
72.226,4768.765,59.968,2882.65,58.414,2740.643,72.376,2796.951,73.558,2725.876
72.434,4761.285,60.014,2887.858,58.443,2744.537,72.476,2795.863,73.756,2723.96
72.655,4763.912,60.077,2888.413,58.525,2745.147,72.621,2800.912,73.905,2722.007
72.826,4761.37,60.146,2890.7,58.603,2749.683,72.817,2801.25,74.086,2722.021
73.004,4762.182,60.263,2894.451,58.654,2749.216,72.937,2805.149,74.214,2729.516
73.192,4762.131,60.368,2902.114,58.906,2744.94,73.104,2806.788,74.36,2727.321
73.349,4781.087,60.459,2914.566,59.121,2742.971,73.32,2808.955,74.487,2732.513
73.562,4783.827,60.532,2917.915,59.17,2742.456,73.443,2814.719,74.623,2726.053
73.728,4795.53,60.651,2924.989,59.208,2744.483,73.598,2812.485,74.753,2726.13
73.886,4790.056,60.72,2930.133,59.239,2743.565,73.797,2812.098,74.945,2738.779
74.077,4800.598,60.821,2929.445,59.238,2744.198,73.887,2818.948,75.119,2737.691
74.272,4807.369,60.906,2949.755,59.224,2744.66,74.041,2819.192,75.247,2736.454
74.443,4811.711,60.981,2950.457,59.223,2745.2,74.13,2821.132,75.392,2733.813
74.608,4814.292,61.061,2968.139,59.265,2745.177,74.347,2821.011,75.574,2737.589
74.786,4813.042,61.147,2971.832,59.402,2743.622,74.478,2821.011,75.7,2740.417
74.795,4811.741,61.214,2974.607,59.516,2750.109,74.635,2822.447,75.847,2736.799
74.899,4814.851,61.285,2976.442,59.63,2750.184,74.778,2826.878,75.948,2736.729
74.888,4813.604,61.386,2989.526,59.695,2748.137,74.92,2829.243,76.108,2742.685
74.985,4817.164,61.508,2991.893,59.758,2747.65,75.109,2827.698,76.315,2748.031
75.198,4813.837,61.583,3005.542,59.776,2747.987,75.238,2827.294,76.44,2750.559
75.359,4813.715,61.649,3008.777,59.758,2749.786,75.445,2837.002,76.691,2751.915
75.568,4811.052,61.773,3022.293,59.87,2750.726,75.625,2837.265,76.81,2751.758
75.712,4814.234,61.883,3038.089,59.972,2751.158,75.788,2840.187,77.005,2758.668
75.785,4817.601,62.025,3082.162,60.131,2751.539,75.949,2842.612,77.234,2756.269
75.953,4819.421,62.103,3088.507,60.236,2751.666,76.097,2854.436,77.442,2762.392
76.176,4816.172,62.181,3101.886,60.253,2753.657,76.291,2849.269,77.648,2765.528
76.441,4809.601,62.286,3099.431,60.297,2753.088,76.45,2842.769,77.788,2770.497
76.592,4806.672,62.394,3109.21,60.285,2755.049,76.593,2848.983,78.031,2759.995
76.725,4809.529,62.511,3115.383,60.358,2753.671,76.845,2844.979,78.291,2767.101
76.814,4809.615,62.616,3125.357,60.432,2754.213,76.932,2839.697,78.472,2771.268
76.96,4809.664,62.721,3140.67,60.472,2754.681,77.137,2851.017,78.736,2776.731
77.084,4810.758,62.797,3143.227,60.511,2753.701,77.25,2854.356,78.956,2776.211
77.243,4837.051,62.906,3172.88,60.541,2753.478,77.387,2858.138,79.213,2785.231
77.361,4853.131,62.949,3175.988,60.578,2751.102,77.521,2855.521,79.409,2794.304
77.493,4934.018,63.047,3182.381,60.618,2756.922,77.696,2857.172,79.629,2793.035
77.59,5102.922,63.139,3184.643,60.647,2758.827,77.908,2867.095,79.851,2801.667
77.731,5526.263,63.213,3187.426,60.722,2756.468,78.098,2869.024,80.103,2799.818
77.921,6414.33,63.304,3186.597,60.753,2756.42,78.313,2877.645,80.24,2810.96
78.152,7528.268,63.371,3192.326,60.769,2755.804,78.441,2878.923,80.488,2808.898
78.283,7711.905,63.487,3200.212,60.82,2757.001,78.612,2881.966,80.706,2815.03
78.267,7646.987,63.694,3225.964,60.887,2757.529,78.789,2890.007,80.922,2818.105
78.323,7773.219,63.844,3245.359,60.882,2763.879,78.998,2891.004,81.111,2821.56
78.348,7792.601,63.999,3290.737,60.954,2763.611,79.155,2898.811,81.284,2823.895
78.513,7795.506,64.099,3308.06,61.003,2762.132,79.286,2901.805,81.459,2819.829
78.682,7826.944,64.188,3316.082,60.997,2762.111,79.433,2907.644,81.655,2817.735
78.849,7831.102,64.271,3341.281,61.072,2761.119,79.55,2912.057,81.836,2826.781
78.981,7846.93,64.426,3378.708,61.146,2765.104,79.74,2923.982,82.032,2835.367
79.103,7864.307,64.512,3401.732,61.166,2764.743,79.965,2943.944,82.266,2831.238
79.158,7861.283,64.584,3403.118,61.226,2768.893,80.121,2967.88,82.452,2834.498
79.315,7892.153,64.696,3410.962,61.282,2770.896,80.288,2969.113,82.679,2839.169
79.439,7872.589,64.83,3417.481,61.341,2769.924,80.441,2977.504,82.934,2849.569
79.587,7884.612,64.942,3456.102,61.391,2769.582,80.624,2985.906,83.153,2846.991
79.749,7899.643,65.069,3480.809,61.423,2767.515,80.725,3006.393,83.409,2850.987
79.669,7906.939,65.183,3496.693,61.497,2769.757,80.849,3020.114,83.591,2850.748
79.753,7903.532,65.343,3547.364,61.512,2771.316,81.061,3052.362,83.844,2860.588
79.923,7933.04,65.51,3647.452,61.526,2774.996,81.252,3067.449,84.119,2854.184
80.075,7961.625,65.643,3673.18,61.568,2772.353,81.374,3085.781,84.407,2863.367
80.275,8069.318,65.788,3714.002,61.596,2772.558,81.526,3098.633,84.709,2870.797
80.439,8223.502,65.841,3744.322,61.692,2763.272,81.651,3112.644,84.987,2882.999
80.629,8998.388,65.962,3834.562,61.767,2766.26,81.768,3136.621,85.234,2876.761
80.824,15429.859,66.072,3862.733,61.828,2766.42,81.943,3164.373,85.395,2871.009
80.985,20056.313,66.215,3911.851,61.953,2776.488,82.153,3191.227,85.667,2893.977
81.173,20238.143,66.281,3927.673,62.07,2779.729,82.396,3203.614,85.933,2902.762
81.362,20190.816,66.433,3984.813,62.221,2778.755,82.555,3229.15,86.173,2903.604
81.542,20157.521,66.565,4066.881,62.295,2795.435,82.748,3261.761,86.418,2915.854
81.664,20175.77,66.699,4125.849,62.33,2793.566,82.868,3273.4,86.68,2940.815
81.797,19901.125,66.815,4155.548,62.387,2792.022,83.094,3339.216,86.858,2948.192
81.864,19880.164,66.893,4145.155,62.508,2795.477,83.291,3343.512,87.08,2957.508
82.046,19752.107,66.98,4272.742,62.565,2795.865,83.471,3403.194,87.343,2992.738
82.192,19349.551,67.132,4387.56,62.551,2794.738,83.697,3461.549,87.555,2998.984
82.371,19458.951,67.256,4422.938,62.562,2794.267,83.868,3504.118,87.759,3031.563
82.519,19032.191,67.344,4473.491,62.581,2793.867,84.063,3558.728,87.969,3041.579
82.669,18764.748,67.462,4494.68,62.645,2795.615,84.226,3599.126,88.192,3094.345
82.811,18613.857,67.537,4527.875,62.691,2791.683,84.353,3649.116,88.42,3103.819
82.958,18519.918,67.643,4574.041,62.744,2788.106,84.557,3709.64,88.653,3129.314
83.092,18442.242,67.707,4587.321,62.757,2787.947,84.775,3774.828,88.86,3144.14
83.238,18277.781,67.77,4592.719,62.77,2787.664,84.954,3874.763,89.08,3187.908
83.39,17616.557,67.84,4594.925,62.782,2787.635,85.082,3912.981,89.303,3226.835
83.44,17469.324,67.937,4638.316,62.805,2788.161,85.254,3976.834,89.508,3261.824
83.68,17227.654,68.031,4680.157,62.848,2786.805,85.382,4038.228,89.694,3271.591
83.782,17062.611,68.114,4688.306,62.836,2788.287,85.572,4132.408,89.91,3298.836
84.11,16535.766,68.187,4696.204,62.839,2788.304,85.693,4199.856,90.172,3348.669
84.45,16545.201,68.31,4754.1,62.845,2788.97,85.85,4305.104,90.357,3391.23
84.728,15863.063,68.452,4788.642,62.863,2788.188,85.987,4381.32,90.553,3426.014
84.918,14876.042,68.575,4821.62,62.868,2786.704,86.213,4505.154,90.777,3482.23
85.252,14392.611,68.718,4851.278,62.907,2785.937,86.416,4574.059,90.978,3527.198
85.309,14141.666,68.823,4866.959,63.011,2784.453,86.523,4617.545,91.178,3605.817
85.336,14155.546,68.897,4876.733,63.136,2781.83,86.78,4701.638,91.414,3668.338
85.405,13974.07,69.009,4891.251,63.169,2779.957,87.056,4815.494,91.618,3731.22
85.596,13487.345,69.124,4901.479,63.176,2780.254,87.244,4828.007,91.827,3841.383
85.794,13276.034,69.235,4908.643,63.176,2780.352,87.403,4843.514,92.037,3922.021
86.06,12752.556,69.341,4921.737,63.245,2780.438,87.523,4888.663,92.268,4026.555
86.362,11729.697,69.429,4920.112,63.338,2781.274,87.704,4893.398,92.518,4313.913
86.699,11305.474,69.494,4933.558,63.446,2787.024,87.988,4916.697,92.715,4608.314
86.774,11043.542,69.603,4940.69,63.478,2789.352,88.11,4936.384,92.891,4786.844
86.989,10583.825,69.677,4946.005,63.634,2799.406,88.282,4953.503,93.108,4877.798
87.247,9655.601,69.791,4956.295,63.684,2798.251,88.396,4962.851,93.352,4947.638
87.446,9786.96,69.89,4968.408,63.693,2803.774,88.594,4963.191,93.536,4951.151
87.607,9610.178,69.97,4969.964,63.695,2804.409,88.744,4963.673,93.74,4959.147
87.716,9574.833,70.071,4973.235,63.684,2804.36,88.976,4969.236,93.903,4944.866
87.814,9514.675,70.154,4972.778,63.759,2805.799,89.133,4965.381,93.916,4941.14
87.897,9284.361,70.276,4975.204,63.786,2805.422,89.213,4972.256,,
88.203,8738.678,70.325,4976.483,63.88,2808.495,89.353,4969.526,,
88.37,7994.327,70.406,4979.051,63.921,2806.675,89.545,4975.677,,
88.554,7354.855,70.532,4982.684,63.95,2807.248,89.64,4974.686,,
88.768,7342.281,70.664,4984.948,63.992,2807.313,89.828,4977.898,,
89.015,6881.336,70.764,4987.91,64.029,2807.71,89.961,4977.404,,
89.107,6973.48,70.855,4990.467,64.096,2808.008,90.2,4985.105,,
89.318,7164.57,70.998,4994.247,64.189,2810.694,90.351,4982.332,,
89.611,6236.024,71.087,4997.207,64.29,2811.521,90.451,4984.374,,
89.65,5873.498,71.131,4996.696,64.304,2815.705,90.674,4985.344,,
89.862,5528.622,71.268,5003.205,64.312,2815.065,90.878,4985.005,,
89.895,5601.48,71.351,5003.038,64.319,2814.264,90.988,4981.716,,
90.153,4955.663,71.464,5005.572,64.341,2814.603,91.203,4983.397,,
90.225,4909.448,71.562,5006.048,64.375,2814.921,91.328,4982.199,,
90.535,4800.18,71.689,5003.226,64.375,2813.039,91.517,4983.599,,
90.661,4793.546,71.778,5005.837,64.383,2812.666,91.664,4982.496,,
90.922,4598.308,71.94,5004.211,64.421,2812.741,91.841,4982.037,,
91.031,4293.114,72.029,5006.665,64.434,2813.968,92.071,4977.94,,
91.303,3830.964,72.164,5007.212,64.461,2812.891,92.204,4973.644,,
91.574,3870.85,72.307,5006.843,64.521,2812.726,92.305,4974.369,,
91.793,3410.849,72.408,5006.79,64.614,2814.934,92.454,4970.24,,
92.043,3330.294,72.533,5008.989,64.669,2814.636,92.556,4965.1,,
92.134,3223.621,72.6,5006.823,64.778,2811.406,92.839,4965.341,,
92.313,2868.463,72.684,5008.871,64.792,2811.121,92.973,4956.197,,
92.427,2768.048,72.791,5008.259,64.91,2811.06,93.151,4950.104,,
92.717,2597.018,72.901,5007.077,64.952,2811.669,93.24,4937.949,,
92.967,2522.067,72.974,5006.074,65.036,2809.11,93.355,4936.165,,
93.194,2495.161,73.101,5006.624,65.25,2816.42,93.432,4937.268,,
93.485,2492.998,73.208,5007.693,65.404,2819.992,93.569,4936.747,,
93.621,2407.133,73.288,5007.724,65.457,2815.931,93.665,4935.892,,
93.759,2407.962,73.399,5007.439,65.55,2817.664,93.767,4925.937,,
93.798,2405.097,73.471,5007.775,65.671,2818.981,93.834,4922.72,,
93.805,2406.848,73.573,5005.262,65.763,2821.358,93.875,4922.122,,
93.801,2406.105,73.66,5007.608,65.837,2821.771,93.869,4921.925,,
93.801,2407.345,73.746,5006.573,65.945,2818.49,93.87,4920.424,,
93.8,2407.776,73.847,5004.105,66.041,2815.855,93.867,4921.806,,
93.797,2407.675,73.925,5003.335,66.185,2820.208,93.869,4919.995,,
93.8,2407.395,74.042,5004.571,66.311,2825.978,93.872,4921.485,,
93.806,2406.918,74.122,5003.951,66.408,2830.837,93.877,4920.959,,
93.65,2411.842,74.266,5003.09,66.479,2827.832,,,,
93.351,2448.042,74.371,5000.951,66.537,2830.964,,,,
,,74.49,5002.612,66.594,2829.097,,,,
,,74.642,5000.607,66.664,2831.249,,,,
,,74.761,4999.907,66.72,2832.997,,,,
,,74.863,4996.915,66.84,2829.419,,,,
,,75,4998.629,66.914,2832.105,,,,
,,75.132,4995.452,67.056,2831.416,,,,
,,75.247,4994.683,67.215,2839.287,,,,
,,75.345,4993.193,67.359,2842.9,,,,
,,75.489,4992.311,67.456,2847.4,,,,
,,75.604,4989.086,67.549,2844.622,,,,
,,75.671,4991.429,67.675,2844.992,,,,
,,75.8,4989.158,67.776,2847.744,,,,
,,75.927,4987.404,67.881,2847.486,,,,
,,76.055,4985.716,67.967,2851.928,,,,
,,76.219,4977.066,68.173,2852.432,,,,
,,76.315,4972.525,68.272,2850.894,,,,
,,76.474,4967.617,68.314,2859.976,,,,
,,76.544,4964.521,68.481,2852.719,,,,
,,76.708,4969.139,68.568,2852.986,,,,
,,76.811,4957.436,68.706,2852.179,,,,
,,76.968,4964.643,68.923,2849.879,,,,
,,77.165,4955.192,69.065,2865.59,,,,
,,77.279,4958.271,69.222,2857.075,,,,
,,77.406,4958.045,69.33,2872.591,,,,
,,77.533,4952.227,69.444,2870.496,,,,
,,77.641,4948.323,69.586,2870.463,,,,
,,77.781,4942.551,69.704,2884.952,,,,
,,77.844,4938.751,69.858,2893.266,,,,
,,77.957,4936.102,70.038,2899.898,,,,
,,78.102,4933.37,70.207,2908.393,,,,
,,78.237,4933.326,70.417,2910.051,,,,
,,78.371,4928.689,70.529,2917.427,,,,
,,78.464,4925.645,70.584,2923.75,,,,
,,78.625,4921,70.565,2929.673,,,,
,,78.795,4912.377,70.732,2916.799,,,,
,,78.986,4907.294,70.825,2920.052,,,,
,,79.083,4899.554,71.002,2945.259,,,,
,,79.209,4899.134,71.057,2942.74,,,,
,,79.335,4891.563,71.286,2950.042,,,,
,,79.435,4891.271,71.378,2958.208,,,,
,,79.545,4888.985,71.52,2967.026,,,,
,,79.696,4886.038,71.617,2972.405,,,,
,,79.971,4874.942,71.693,2984.12,,,,
,,80.1,4873.085,71.734,2986.788,,,,
,,80.306,4865.98,71.774,2988.272,,,,
,,80.426,4865.716,71.842,2994.355,,,,
,,80.553,4853.616,71.901,3009.479,,,,
,,80.715,4849.318,71.947,3013.183,,,,
,,80.852,4850.618,72.151,3039.73,,,,
,,80.996,4850.568,72.25,3048.33,,,,
,,81.094,4851.14,72.367,3048.117,,,,
,,81.209,4844.664,72.416,3049.541,,,,
,,81.347,4848.314,72.441,3052.413,,,,
,,81.421,4843.359,72.472,3052.195,,,,
,,81.551,4840.693,72.642,3054.321,,,,
,,81.671,4838.395,72.785,3073.147,,,,
,,81.752,4840.234,72.851,3082.316,,,,
,,81.864,4838.196,72.913,3083.328,,,,
,,82.01,4835.636,73.014,3089.625,,,,
,,82.125,4833.729,73.068,3117.854,,,,
,,82.278,4830.425,73.125,3128.88,,,,
,,82.367,4828.624,73.192,3131.488,,,,
,,82.532,4824.728,73.26,3132.468,,,,
,,82.681,4821.509,73.393,3145.541,,,,
,,82.83,4822.887,73.582,3179.41,,,,
,,82.971,4821.787,73.694,3182.45,,,,
,,83.109,4817.299,73.805,3187.557,,,,
,,83.263,4815.992,73.806,3188.054,,,,
,,83.349,4817.726,73.84,3190.05,,,,
,,83.533,4818.852,73.934,3199.129,,,,
,,83.654,4814.226,74.071,3218.157,,,,
,,83.749,4817.584,74.204,3239.249,,,,
,,83.88,4815.785,74.283,3241.72,,,,
,,84.024,4814.981,74.354,3248.203,,,,
,,84.178,4819.979,74.423,3249.534,,,,
,,84.234,4815.997,74.487,3260.37,,,,
,,84.366,4815.232,74.579,3280.026,,,,
,,84.496,4817.075,74.693,3300.856,,,,
,,84.686,4820.086,74.857,3306.836,,,,
,,84.808,4820.33,74.95,3322.613,,,,
,,84.968,4823.005,75.057,3342.54,,,,
,,85.11,4817.919,75.241,3364.264,,,,
,,85.219,4821.012,75.371,3399.482,,,,
,,85.36,4818.751,75.508,3437.99,,,,
,,85.483,4818.122,75.555,3453.774,,,,
,,85.61,4816.467,75.62,3458.417,,,,
,,85.828,4823.995,75.787,3481.469,,,,
,,86.006,4835.383,75.877,3506.344,,,,
,,86.17,4846.863,75.911,3511.982,,,,
,,86.3,4846.642,76.019,3556.972,,,,
,,86.493,4847.96,76.1,3572.319,,,,
,,86.653,4850.865,76.147,3595.939,,,,
,,86.734,4861.817,76.212,3601.685,,,,
,,86.906,4859.269,76.282,3615.432,,,,
,,87.025,4867.805,76.387,3626.007,,,,
,,87.249,4922.392,76.421,3664.122,,,,
,,87.401,4940.214,76.471,3675.565,,,,
,,87.553,5012.505,76.633,3683.905,,,,
,,87.695,5181.419,76.68,3712.345,,,,
,,87.811,5328.732,76.703,3715.074,,,,
,,87.898,5515.93,76.709,3715.999,,,,
,,88.058,5890.496,76.795,3769.287,,,,
,,88.203,6380.329,76.842,3781.82,,,,
,,88.361,7197.585,76.917,3816.44,,,,
,,88.48,7437.294,77.02,3830.576,,,,
,,88.663,7609.4,77.101,3835.995,,,,
,,88.812,7681.678,77.165,3838.287,,,,
,,88.96,7726.509,77.245,3845.834,,,,
,,89.071,7834.145,77.333,3882.032,,,,
,,89.218,7858.427,77.426,3892.758,,,,
,,89.328,7873.93,77.458,3973.922,,,,
,,89.514,7923.291,77.507,3995.681,,,,
,,89.654,7934.868,77.616,3995.917,,,,
,,89.765,7961.028,77.768,4101.052,,,,
,,89.987,8077.908,77.902,4203.116,,,,
,,90.186,8285.128,77.943,4230.313,,,,
,,90.285,8362.548,77.997,4232.821,,,,
,,90.446,8736.739,78.09,4244.255,,,,
,,90.554,9237.193,78.181,4266.23,,,,
,,90.654,9712.444,78.278,4335.25,,,,
,,90.74,10331.271,78.375,4381.873,,,,
,,90.848,13755.239,78.494,4422.515,,,,
,,90.946,15151.583,78.532,4508.263,,,,
,,91.119,15766.733,78.57,4507.747,,,,
,,91.217,16063.41,78.65,4526.046,,,,
,,91.349,16275.616,78.759,4570.344,,,,
,,91.497,16235.222,78.928,4609.151,,,,
,,91.658,16271.83,79.071,4640.256,,,,
,,91.758,16120.456,79.241,4756.677,,,,
,,91.874,16008.324,79.266,4761.976,,,,
,,92.07,15869.283,79.343,4772.641,,,,
,,92.135,15893.31,79.49,4782.555,,,,
,,92.196,15932.851,79.758,4820.137,,,,
,,92.376,15833.421,79.863,4854.896,,,,
,,92.501,15730.379,79.979,4857.473,,,,
,,92.66,15303.097,80.124,4884.737,,,,
,,92.802,14666.369,80.197,4915.341,,,,
,,92.982,14557.378,80.32,4922.319,,,,
,,93.086,14366.313,80.373,4928.227,,,,
,,93.174,14296.844,80.478,4930.843,,,,
,,93.3,14103.196,80.537,4932.435,,,,
,,93.46,14176.12,80.687,4935.093,,,,
,,93.586,13929.075,80.759,4938.892,,,,
,,93.707,13887.599,80.853,4942.144,,,,
,,93.783,13735.965,81.007,4964.115,,,,
,,93.796,13757.65,81.066,4967.731,,,,
,,93.791,13773.944,81.084,4966.863,,,,
,,93.798,13761.321,81.175,4970.094,,,,
,,93.804,13758.045,81.278,4977.665,,,,
,,93.793,13761.282,81.376,4976.596,,,,
,,93.789,13760.344,81.398,4981.089,,,,
,,93.792,13757.007,81.495,4984.998,,,,
,,93.794,13755.158,81.564,4983.759,,,,
,,93.792,13756.935,81.591,4986.084,,,,
,,93.794,13759.69,81.749,4983.427,,,,
,,93.794,13754.661,81.873,4985.36,,,,
,,93.791,13758.043,81.935,4986.307,,,,
,,93.794,13758.931,81.909,4988.292,,,,
,,93.791,13764.428,81.937,4986.494,,,,
,,93.795,13768.236,81.98,4986.489,,,,
,,93.802,13777.887,82.097,4988.223,,,,
,,93.788,13797.966,82.279,4987.575,,,,
,,93.791,13809.683,82.435,4988.36,,,,
,,93.804,13820.24,82.553,4991.472,,,,
,,93.79,13818.764,82.615,4991.832,,,,
,,93.803,13825.962,82.637,4988.868,,,,
,,93.791,13826.964,82.691,4989.998,,,,
,,93.794,13831.658,82.789,4990.731,,,,
,,93.801,13835.215,82.949,4992.742,,,,
,,93.803,13846.153,83.006,4992.568,,,,
,,,,83.152,4991.082,,,,
,,,,83.258,4992,,,,
,,,,83.222,4991.272,,,,
,,,,83.272,4991.942,,,,
,,,,83.318,4991.692,,,,
,,,,83.416,4991.795,,,,
,,,,83.473,4992.799,,,,
,,,,83.544,4992.165,,,,
,,,,83.606,4991.076,,,,
,,,,83.74,4992.04,,,,
,,,,83.838,4992.403,,,,
,,,,83.964,4991.988,,,,
,,,,84.052,4990.509,,,,
,,,,84.089,4988.722,,,,
,,,,84.152,4992.278,,,,
,,,,84.201,4992.312,,,,
,,,,84.228,4991.281,,,,
,,,,84.278,4990.529,,,,
,,,,84.268,4991.328,,,,
,,,,84.356,4990.555,,,,
,,,,84.528,4989.631,,,,
,,,,84.686,4990.271,,,,
,,,,84.728,4989.686,,,,
,,,,84.79,4992.013,,,,
,,,,84.865,4988.746,,,,
,,,,84.906,4986.9,,,,
,,,,84.915,4986.151,,,,
,,,,84.912,4988.083,,,,
,,,,85.114,4983.021,,,,
,,,,85.432,4982.278,,,,
,,,,85.456,4981.193,,,,
,,,,85.559,4978.968,,,,
,,,,85.649,4979.963,,,,
,,,,85.5,4983.041,,,,
,,,,85.545,4981.176,,,,
,,,,85.539,4980.225,,,,
,,,,85.599,4978.611,,,,
,,,,85.725,4980.042,,,,
,,,,85.885,4980.318,,,,
,,,,86.116,4977.266,,,,
,,,,86.157,4977.261,,,,
,,,,86.186,4977.257,,,,
,,,,86.211,4977.022,,,,
,,,,86.219,4977.418,,,,
,,,,86.228,4975.605,,,,
,,,,86.216,4977.056,,,,
,,,,86.221,4975.575,,,,
,,,,86.273,4972.39,,,,
,,,,86.296,4973.657,,,,
,,,,86.387,4975.905,,,,
,,,,86.537,4973.605,,,,
,,,,86.742,4968.941,,,,
,,,,86.906,4965.497,,,,
,,,,86.95,4963.93,,,,
,,,,86.998,4964.184,,,,
,,,,86.997,4963.383,,,,
,,,,87.002,4964.7,,,,
,,,,87.018,4963.847,,,,
,,,,87.031,4963.619,,,,
,,,,87.048,4960.809,,,,
,,,,87.173,4959.106,,,,
,,,,87.302,4960.345,,,,
,,,,87.614,4951.947,,,,
,,,,87.706,4952.473,,,,
,,,,87.764,4948.339,,,,
,,,,87.845,4950.387,,,,
,,,,87.903,4950.578,,,,
,,,,87.928,4948.625,,,,
,,,,87.979,4949.067,,,,
,,,,88.093,4945.505,,,,
,,,,88.209,4943.312,,,,
,,,,88.315,4939.022,,,,
,,,,88.316,4940.72,,,,
,,,,88.306,4941.702,,,,
,,,,88.366,4940.755,,,,
,,,,88.468,4939.896,,,,
,,,,88.534,4938.537,,,,
,,,,88.608,4934.092,,,,
,,,,88.779,4932.531,,,,
,,,,88.845,4925.21,,,,
,,,,88.904,4922.863,,,,
,,,,88.821,4930.481,,,,
,,,,88.911,4927.08,,,,
,,,,89.084,4922.639,,,,
,,,,89.385,4910.762,,,,
,,,,89.559,4912.712,,,,
,,,,89.711,4914.179,,,,
,,,,89.87,4903.586,,,,
,,,,90.049,4902.546,,,,
,,,,90.194,4899.308,,,,
,,,,90.324,4901.107,,,,
,,,,90.445,4896.14,,,,
,,,,90.517,4894.761,,,,
,,,,90.648,4889.699,,,,
,,,,90.835,4885.557,,,,
,,,,91.003,4882.461,,,,
,,,,91.053,4878.835,,,,
,,,,91.121,4878.021,,,,
,,,,91.239,4879.815,,,,
,,,,91.287,4875.089,,,,
,,,,91.398,4875.722,,,,
,,,,91.51,4878.089,,,,
,,,,91.554,4877.887,,,,
,,,,91.57,4875.775,,,,
,,,,91.688,4871.69,,,,
,,,,91.82,4866.854,,,,
,,,,91.959,4862.882,,,,
,,,,92.319,4862.599,,,,
,,,,92.551,4856.052,,,,
,,,,92.644,4856.696,,,,
,,,,92.874,4854.856,,,,
,,,,93.093,4859.045,,,,
,,,,93.272,4874.326,,,,
,,,,93.291,4981.124,,,,
,,,,93.294,4983.504,,,,
